FIPS formula,COUNTY num
1001,1
4001,1
5001,1
6001,1
8001,1
9001,1
10001,1
11001,1
12001,1
13001,1
15001,1
16001,1
17001,1
18001,1
19001,1
20001,1
21001,1
22001,1
23001,1
24001,1
25001,1
26001,1
27001,1
28001,1
29001,1
30001,1
31001,1
32001,1
33001,1
34001,1
35001,1
36001,1
37001,1
38001,1
39001,1
40001,1
41001,1
42001,1
44001,1
45001,1
47001,1
48001,1
49001,1
50001,1
51001,1
53001,1
54001,1
55001,1
56001,1
72001,1
1003,3
4003,3
5003,3
6003,3
8003,3
9003,3
10003,3
12003,3
13003,3
15003,3
16003,3
17003,3
18003,3
19003,3
20003,3
21003,3
22003,3
23003,3
24003,3
25003,3
26003,3
27003,3
28003,3
29003,3
30003,3
31003,3
32003,3
33003,3
34003,3
35003,3
36003,3
37003,3
38003,3
39003,3
40003,3
41003,3
42003,3
44003,3
45003,3
46003,3
47003,3
48003,3
49003,3
50003,3
51003,3
53003,3
54003,3
55003,3
56003,3
72003,3
1005,5
4005,5
5005,5
6005,5
8005,5
9005,5
10005,5
12005,5
13005,5
15005,5
16005,5
17005,5
18005,5
19005,5
20005,5
21005,5
22005,5
23005,5
24005,5
25005,5
26005,5
27005,5
28005,5
29005,5
30005,5
31005,5
32005,5
33005,5
34005,5
35005,5
36005,5
37005,5
38005,5
39005,5
40005,5
41005,5
42005,5
44005,5
45005,5
46005,5
47005,5
48005,5
49005,5
50005,5
51005,5
53005,5
54005,5
55005,5
56005,5
72005,5
35006,6
1007,7
4007,7
5007,7
6007,7
8007,7
9007,7
12007,7
13007,7
15007,7
16007,7
17007,7
18007,7
19007,7
20007,7
21007,7
22007,7
23007,7
25007,7
26007,7
27007,7
28007,7
29007,7
30007,7
31007,7
32007,7
33007,7
34007,7
35007,7
36007,7
37007,7
38007,7
39007,7
40007,7
41007,7
42007,7
44007,7
45007,7
46007,7
47007,7
48007,7
49007,7
50007,7
51007,7
53007,7
54007,7
55007,7
56007,7
72007,7
1009,9
4009,9
5009,9
6009,9
8009,9
9009,9
12009,9
13009,9
15009,9
16009,9
17009,9
18009,9
19009,9
20009,9
21009,9
22009,9
23009,9
24009,9
25009,9
26009,9
27009,9
28009,9
29009,9
30009,9
31009,9
32009,9
33009,9
34009,9
35009,9
36009,9
37009,9
38009,9
39009,9
40009,9
41009,9
42009,9
44009,9
45009,9
46009,9
47009,9
48009,9
49009,9
50009,9
51009,9
53009,9
54009,9
55009,9
56009,9
72009,9
60010,10
78010,10
66010,10
1011,11
4011,11
5011,11
6011,11
8011,11
9011,11
12011,11
13011,11
16011,11
17011,11
18011,11
19011,11
20011,11
21011,11
22011,11
23011,11
24011,11
25011,11
26011,11
27011,11
28011,11
29011,11
30011,11
31011,11
32011,11
33011,11
34011,11
35011,11
36011,11
37011,11
38011,11
39011,11
40011,11
41011,11
42011,11
45011,11
46011,11
47011,11
48011,11
49011,11
50011,11
51011,11
53011,11
54011,11
55011,11
56011,11
72011,11
72011,11
4012,12
1013,13
2013,13
4013,13
5013,13
6013,13
8013,13
9013,13
12013,13
13013,13
16013,13
17013,13
18013,13
19013,13
20013,13
21013,13
22013,13
23013,13
24013,13
25013,13
26013,13
27013,13
28013,13
29013,13
30013,13
31013,13
32013,13
33013,13
34013,13
35013,13
36013,13
37013,13
38013,13
39013,13
40013,13
41013,13
42013,13
45013,13
46013,13
47013,13
48013,13
49013,13
50013,13
51013,13
53013,13
54013,13
55013,13
56013,13
72013,13
8014,14
1015,15
4015,15
5015,15
6015,15
8015,15
9015,15
12015,15
13015,15
16015,15
17015,15
18015,15
19015,15
20015,15
21015,15
22015,15
23015,15
24015,15
25015,15
26015,15
27015,15
28015,15
29015,15
30015,15
31015,15
32015,15
33015,15
34015,15
35015,15
36015,15
37015,15
38015,15
39015,15
40015,15
41015,15
42015,15
45015,15
46015,15
47015,15
48015,15
49015,15
50015,15
51015,15
53015,15
54015,15
55015,15
56015,15
72015,15
1017,17
4017,17
5017,17
6017,17
8017,17
12017,17
13017,17
16017,17
17017,17
18017,17
19017,17
20017,17
21017,17
22017,17
23017,17
24017,17
25017,17
26017,17
27017,17
28017,17
29017,17
30017,17
31017,17
32017,17
33017,17
34017,17
35017,17
36017,17
37017,17
38017,17
39017,17
40017,17
41017,17
42017,17
45017,17
46017,17
47017,17
48017,17
49017,17
50017,17
51017,17
53017,17
54017,17
55017,17
56017,17
72017,17
1019,19
4019,19
5019,19
6019,19
8019,19
12019,19
13019,19
16019,19
17019,19
18019,19
19019,19
20019,19
21019,19
22019,19
23019,19
24019,19
25019,19
26019,19
27019,19
28019,19
29019,19
30019,19
31019,19
32019,19
33019,19
34019,19
35019,19
36019,19
37019,19
38019,19
39019,19
40019,19
41019,19
42019,19
45019,19
46019,19
47019,19
48019,19
49019,19
50019,19
51019,19
53019,19
54019,19
55019,19
56019,19
72019,19
2020,20
60020,20
78020,20
1021,21
4021,21
5021,21
6021,21
8021,21
12021,21
13021,21
16021,21
17021,21
18021,21
19021,21
20021,21
21021,21
22021,21
23021,21
24021,21
25021,21
26021,21
27021,21
28021,21
29021,21
30021,21
31021,21
32021,21
34021,21
35021,21
36021,21
37021,21
38021,21
39021,21
40021,21
41021,21
42021,21
45021,21
46021,21
47021,21
48021,21
49021,21
50021,21
51021,21
53021,21
54021,21
55021,21
56021,21
72021,21
72021,21
1023,23
4023,23
5023,23
6023,23
8023,23
12023,23
13023,23
16023,23
17023,23
18023,23
19023,23
20023,23
21023,23
22023,23
23023,23
24023,23
25023,23
26023,23
27023,23
28023,23
29023,23
30023,23
31023,23
32023,23
34023,23
35023,23
36023,23
37023,23
38023,23
39023,23
40023,23
41023,23
42023,23
45023,23
46023,23
47023,23
48023,23
49023,23
50023,23
51023,23
53023,23
54023,23
55023,23
56023,23
72023,23
1025,25
4025,25
5025,25
6025,25
8025,25
13025,25
16025,25
17025,25
18025,25
19025,25
20025,25
21025,25
22025,25
23025,25
24025,25
25025,25
26025,25
27025,25
28025,25
29025,25
30025,25
31025,25
34025,25
35025,25
36025,25
37025,25
38025,25
39025,25
40025,25
41025,25
42025,25
45025,25
46025,25
47025,25
48025,25
49025,25
50025,25
51025,25
53025,25
54025,25
55025,25
56025,25
72025,25
1027,27
4027,27
5027,27
6027,27
8027,27
12027,27
13027,27
16027,27
17027,27
18027,27
19027,27
20027,27
21027,27
22027,27
23027,27
24027,27
25027,27
26027,27
27027,27
28027,27
29027,27
30027,27
31027,27
32027,27
34027,27
35027,27
36027,27
37027,27
38027,27
39027,27
40027,27
41027,27
42027,27
45027,27
46027,27
47027,27
48027,27
49027,27
50027,27
51027,27
53027,27
54027,27
55027,27
56027,27
72027,27
35028,28
1029,29
5029,29
6029,29
8029,29
12029,29
13029,29
16029,29
17029,29
18029,29
19029,29
20029,29
21029,29
22029,29
23029,29
24029,29
26029,29
27029,29
28029,29
29029,29
30029,29
31029,29
32029,29
34029,29
35029,29
36029,29
37029,29
38029,29
39029,29
40029,29
41029,29
42029,29
45029,29
46029,29
47029,29
48029,29
49029,29
51029,29
53029,29
54029,29
55029,29
56029,29
72029,29
72029,29
60030,30
78030,30
1031,31
5031,31
6031,31
8031,31
12031,31
13031,31
16031,31
17031,31
18031,31
19031,31
20031,31
21031,31
22031,31
23031,31
24031,31
26031,31
27031,31
28031,31
29031,31
30031,31
31031,31
32031,31
34031,31
35031,31
36031,31
37031,31
38031,31
39031,31
40031,31
41031,31
42031,31
45031,31
46031,31
47031,31
48031,31
49031,31
51031,31
53031,31
54031,31
55031,31
56031,31
72031,31
1033,33
5033,33
6033,33
8033,33
12033,33
13033,33
16033,33
17033,33
18033,33
19033,33
20033,33
21033,33
22033,33
24033,33
26033,33
27033,33
28033,33
29033,33
30033,33
31033,33
32033,33
34033,33
35033,33
36033,33
37033,33
38033,33
39033,33
40033,33
41033,33
42033,33
45033,33
46033,33
47033,33
48033,33
49033,33
51033,33
53033,33
54033,33
55033,33
56033,33
72033,33
72033,33
1035,35
5035,35
6035,35
8035,35
12035,35
13035,35
16035,35
17035,35
18035,35
19035,35
20035,35
21035,35
22035,35
24035,35
26035,35
27035,35
28035,35
29035,35
30035,35
31035,35
34035,35
35035,35
36035,35
37035,35
38035,35
39035,35
40035,35
41035,35
42035,35
45035,35
46035,35
47035,35
48035,35
49035,35
51035,35
53035,35
54035,35
55035,35
56035,35
72035,35
51036,36
1037,37
5037,37
6037,37
8037,37
12037,37
13037,37
16037,37
17037,37
18037,37
19037,37
20037,37
21037,37
22037,37
24037,37
26037,37
27037,37
28037,37
29037,37
30037,37
31037,37
34037,37
35037,37
36037,37
37037,37
38037,37
39037,37
40037,37
41037,37
42037,37
45037,37
46037,37
47037,37
48037,37
49037,37
51037,37
53037,37
54037,37
55037,37
56037,37
72037,37
1039,39
5039,39
6039,39
8039,39
12039,39
13039,39
16039,39
17039,39
18039,39
19039,39
20039,39
21039,39
22039,39
24039,39
26039,39
27039,39
28039,39
29039,39
30039,39
31039,39
34039,39
35039,39
36039,39
37039,39
38039,39
39039,39
40039,39
41039,39
42039,39
45039,39
46039,39
47039,39
48039,39
49039,39
53039,39
54039,39
55039,39
56039,39
72039,39
60040,40
1041,41
5041,41
6041,41
8041,41
12041,41
16041,41
17041,41
18041,41
19041,41
20041,41
21041,41
22041,41
24041,41
26041,41
27041,41
28041,41
29041,41
30041,41
31041,41
34041,41
35041,41
36041,41
37041,41
38041,41
39041,41
40041,41
41041,41
42041,41
45041,41
46041,41
47041,41
48041,41
49041,41
51041,41
53041,41
54041,41
55041,41
56041,41
72041,41
1043,43
5043,43
6043,43
8043,43
12043,43
13043,43
16043,43
17043,43
18043,43
19043,43
20043,43
21043,43
22043,43
24043,43
26043,43
27043,43
28043,43
29043,43
30043,43
31043,43
35043,43
36043,43
37043,43
38043,43
39043,43
40043,43
41043,43
42043,43
45043,43
46043,43
47043,43
48043,43
49043,43
51043,43
53043,43
54043,43
55043,43
56043,43
72043,43
1045,45
5045,45
6045,45
8045,45
12045,45
13045,45
16045,45
17045,45
18045,45
19045,45
20045,45
21045,45
22045,45
24045,45
26045,45
27045,45
28045,45
29045,45
30045,45
31045,45
35045,45
36045,45
37045,45
38045,45
39045,45
40045,45
41045,45
42045,45
45045,45
46045,45
47045,45
48045,45
49045,45
51045,45
53045,45
54045,45
55045,45
56045,45
72045,45
72045,45
1047,47
5047,47
6047,47
8047,47
12047,47
13047,47
16047,47
17047,47
18047,47
19047,47
20047,47
21047,47
22047,47
24047,47
26047,47
27047,47
28047,47
29047,47
30047,47
31047,47
35047,47
36047,47
37047,47
38047,47
39047,47
40047,47
41047,47
42047,47
45047,47
46047,47
47047,47
48047,47
49047,47
51047,47
53047,47
54047,47
55047,47
72047,47
1049,49
5049,49
6049,49
8049,49
12049,49
13049,49
16049,49
17049,49
18049,49
19049,49
20049,49
21049,49
22049,49
26049,49
27049,49
28049,49
29049,49
30049,49
31049,49
35049,49
36049,49
37049,49
38049,49
39049,49
40049,49
41049,49
42049,49
45049,49
46049,49
47049,49
48049,49
49049,49
51049,49
53049,49
54049,49
55049,49
72049,49
2050,50
60050,50
1051,51
5051,51
6051,51
8051,51
12051,51
13051,51
16051,51
17051,51
18051,51
19051,51
20051,51
21051,51
22051,51
26051,51
27051,51
28051,51
29051,51
30051,51
31051,51
35051,51
36051,51
37051,51
38051,51
39051,51
40051,51
41051,51
42051,51
45051,51
46051,51
47051,51
48051,51
49051,51
51051,51
53051,51
54051,51
55051,51
72051,51
1053,53
5053,53
6053,53
8053,53
12053,53
13053,53
16053,53
17053,53
18053,53
19053,53
20053,53
21053,53
22053,53
26053,53
27053,53
28053,53
29053,53
30053,53
31053,53
35053,53
36053,53
37053,53
38053,53
39053,53
40053,53
41053,53
42053,53
45053,53
46053,53
47053,53
48053,53
49053,53
51053,53
53053,53
54053,53
55053,53
72053,53
72054,54
1055,55
5055,55
6055,55
8055,55
12055,55
13055,55
16055,55
17055,55
18055,55
19055,55
20055,55
21055,55
22055,55
26055,55
27055,55
28055,55
29055,55
30055,55
31055,55
35055,55
36055,55
37055,55
38055,55
39055,55
40055,55
41055,55
42055,55
45055,55
46055,55
47055,55
48055,55
49055,55
53055,55
54055,55
55055,55
72055,55
72055,55
1057,57
5057,57
6057,57
8057,57
12057,57
13057,57
16057,57
17057,57
18057,57
19057,57
20057,57
21057,57
22057,57
26057,57
27057,57
28057,57
29057,57
30057,57
31057,57
35057,57
36057,57
37057,57
38057,57
39057,57
40057,57
41057,57
42057,57
45057,57
46057,57
47057,57
48057,57
49057,57
51057,57
53057,57
54057,57
55057,57
72057,57
1059,59
5059,59
6059,59
8059,59
12059,59
13059,59
16059,59
17059,59
18059,59
19059,59
20059,59
21059,59
22059,59
26059,59
27059,59
28059,59
29059,59
30059,59
31059,59
35059,59
36059,59
37059,59
38059,59
39059,59
40059,59
41059,59
42059,59
45059,59
46059,59
47059,59
48059,59
51059,59
53059,59
54059,59
55059,59
72059,59
2060,60
1061,61
5061,61
6061,61
8061,61
12061,61
13061,61
16061,61
17061,61
18061,61
19061,61
20061,61
21061,61
22061,61
26061,61
27061,61
28061,61
29061,61
30061,61
31061,61
35061,61
36061,61
37061,61
38061,61
39061,61
40061,61
41061,61
42061,61
45061,61
46061,61
47061,61
48061,61
51061,61
53061,61
54061,61
55061,61
72061,61
1063,63
5063,63
6063,63
8063,63
12063,63
13063,63
16063,63
17063,63
18063,63
19063,63
20063,63
21063,63
22063,63
26063,63
27063,63
28063,63
29063,63
30063,63
31063,63
36063,63
37063,63
38063,63
39063,63
40063,63
41063,63
42063,63
45063,63
46063,63
47063,63
48063,63
51063,63
53063,63
54063,63
55063,63
72063,63
1065,65
5065,65
6065,65
8065,65
12065,65
13065,65
16065,65
17065,65
18065,65
19065,65
20065,65
21065,65
22065,65
26065,65
27065,65
28065,65
29065,65
30065,65
31065,65
36065,65
37065,65
38065,65
39065,65
40065,65
41065,65
42065,65
45065,65
46065,65
47065,65
48065,65
51065,65
53065,65
54065,65
55065,65
72065,65
1067,67
5067,67
6067,67
8067,67
12067,67
13067,67
16067,67
17067,67
18067,67
19067,67
20067,67
21067,67
22067,67
26067,67
27067,67
28067,67
29067,67
30067,67
31067,67
36067,67
37067,67
38067,67
39067,67
40067,67
41067,67
42067,67
45067,67
46067,67
47067,67
48067,67
51067,67
53067,67
54067,67
55067,67
72067,67
2068,68
1069,69
5069,69
6069,69
8069,69
12069,69
13069,69
16069,69
17069,69
18069,69
19069,69
20069,69
21069,69
22069,69
26069,69
27069,69
28069,69
29069,69
30069,69
31069,69
36069,69
37069,69
38069,69
39069,69
40069,69
41069,69
42069,69
45069,69
46069,69
47069,69
48069,69
51069,69
53069,69
54069,69
55069,69
72069,69
2070,70
1071,71
5071,71
6071,71
8071,71
12071,71
13071,71
16071,71
17071,71
18071,71
19071,71
20071,71
21071,71
22071,71
26071,71
27071,71
28071,71
29071,71
30071,71
31071,71
36071,71
37071,71
38071,71
39071,71
40071,71
41071,71
42071,71
45071,71
46071,71
47071,71
48071,71
51071,71
53071,71
54071,71
55071,71
72071,71
1073,73
5073,73
6073,73
8073,73
12073,73
13073,73
16073,73
17073,73
18073,73
19073,73
20073,73
21073,73
22073,73
26073,73
27073,73
28073,73
29073,73
30073,73
31073,73
36073,73
37073,73
38073,73
39073,73
40073,73
42073,73
45073,73
46073,73
47073,73
48073,73
51073,73
53073,73
54073,73
55073,73
72073,73
1075,75
5075,75
6075,75
8075,75
12075,75
13075,75
16075,75
17075,75
18075,75
19075,75
20075,75
21075,75
22075,75
26075,75
27075,75
28075,75
29075,75
30075,75
31075,75
36075,75
37075,75
38075,75
39075,75
40075,75
42075,75
45075,75
46075,75
47075,75
48075,75
51075,75
53075,75
54075,75
55075,75
72075,75
72075,75
1077,77
5077,77
6077,77
8077,77
12077,77
13077,77
16077,77
17077,77
18077,77
19077,77
20077,77
21077,77
22077,77
26077,77
27077,77
28077,77
29077,77
30077,77
31077,77
36077,77
37077,77
38077,77
39077,77
40077,77
42077,77
45077,77
46077,77
47077,77
48077,77
51077,77
53077,77
54077,77
55077,77
72077,77
55078,78
1079,79
5079,79
6079,79
8079,79
12079,79
13079,79
16079,79
17079,79
18079,79
19079,79
20079,79
21079,79
22079,79
26079,79
27079,79
28079,79
29079,79
30079,79
31079,79
36079,79
37079,79
38079,79
39079,79
40079,79
42079,79
45079,79
46079,79
47079,79
48079,79
51079,79
54079,79
55079,79
72079,79
1081,81
5081,81
6081,81
8081,81
12081,81
13081,81
16081,81
17081,81
18081,81
19081,81
20081,81
21081,81
22081,81
26081,81
27081,81
28081,81
29081,81
30081,81
31081,81
36081,81
37081,81
38081,81
39081,81
40081,81
42081,81
45081,81
46081,81
47081,81
48081,81
51081,81
54081,81
55081,81
72081,81
1083,83
5083,83
6083,83
8083,83
12083,83
13083,83
16083,83
17083,83
18083,83
19083,83
20083,83
21083,83
22083,83
26083,83
27083,83
28083,83
29083,83
30083,83
31083,83
36083,83
37083,83
38083,83
39083,83
40083,83
42083,83
45083,83
46083,83
47083,83
48083,83
51083,83
54083,83
55083,83
72083,83
72083,83
1085,85
5085,85
6085,85
8085,85
12085,85
13085,85
16085,85
17085,85
18085,85
19085,85
20085,85
21085,85
22085,85
26085,85
27085,85
28085,85
29085,85
30085,85
31085,85
36085,85
37085,85
38085,85
39085,85
40085,85
42085,85
45085,85
46085,85
47085,85
48085,85
51085,85
54085,85
55085,85
72085,85
69085,85
12086,86
1087,87
5087,87
6087,87
8087,87
12087,87
13087,87
16087,87
17087,87
18087,87
19087,87
20087,87
21087,87
22087,87
26087,87
27087,87
28087,87
29087,87
30087,87
31087,87
36087,87
37087,87
38087,87
39087,87
40087,87
42087,87
45087,87
46087,87
47087,87
48087,87
51087,87
54087,87
55087,87
72087,87
72087,87
1089,89
5089,89
6089,89
8089,89
12089,89
13089,89
17089,89
18089,89
19089,89
20089,89
21089,89
22089,89
26089,89
27089,89
28089,89
29089,89
30089,89
31089,89
36089,89
37089,89
38089,89
39089,89
40089,89
42089,89
45089,89
46089,89
47089,89
48089,89
51089,89
54089,89
55089,89
72089,89
2090,90
1091,91
5091,91
6091,91
8091,91
12091,91
13091,91
17091,91
18091,91
19091,91
20091,91
21091,91
22091,91
26091,91
27091,91
28091,91
29091,91
30091,91
31091,91
36091,91
37091,91
38091,91
39091,91
40091,91
42091,91
45091,91
46091,91
47091,91
48091,91
51091,91
54091,91
55091,91
72091,91
72091,91
1093,93
5093,93
6093,93
8093,93
12093,93
13093,93
17093,93
18093,93
19093,93
20093,93
21093,93
22093,93
26093,93
27093,93
28093,93
29093,93
30093,93
31093,93
36093,93
37093,93
38093,93
39093,93
40093,93
42093,93
46093,93
47093,93
48093,93
51093,93
54093,93
55093,93
72093,93
1095,95
5095,95
6095,95
8095,95
12095,95
13095,95
17095,95
18095,95
19095,95
20095,95
21095,95
22095,95
26095,95
27095,95
28095,95
29095,95
30095,95
31095,95
36095,95
37095,95
38095,95
39095,95
40095,95
42095,95
46095,95
47095,95
48095,95
51095,95
54095,95
55095,95
72095,95
1097,97
5097,97
6097,97
8097,97
12097,97
13097,97
17097,97
18097,97
19097,97
20097,97
21097,97
22097,97
26097,97
27097,97
28097,97
29097,97
30097,97
31097,97
36097,97
37097,97
38097,97
39097,97
40097,97
42097,97
46097,97
47097,97
48097,97
51097,97
54097,97
55097,97
72097,97
72097,97
1099,99
5099,99
6099,99
8099,99
12099,99
13099,99
17099,99
18099,99
19099,99
20099,99
21099,99
22099,99
26099,99
27099,99
28099,99
29099,99
30099,99
31099,99
36099,99
37099,99
38099,99
39099,99
40099,99
42099,99
46099,99
47099,99
48099,99
51099,99
54099,99
55099,99
72099,99
2100,100
69100,100
1101,101
5101,101
6101,101
8101,101
12101,101
13101,101
17101,101
18101,101
19101,101
20101,101
21101,101
22101,101
26101,101
27101,101
28101,101
29101,101
30101,101
31101,101
36101,101
37101,101
38101,101
39101,101
40101,101
42101,101
46101,101
47101,101
48101,101
51101,101
54101,101
55101,101
72101,101
1103,103
5103,103
6103,103
8103,103
12103,103
13103,103
17103,103
18103,103
19103,103
20103,103
21103,103
22103,103
26103,103
27103,103
28103,103
29103,103
30103,103
31103,103
36103,103
37103,103
38103,103
39103,103
40103,103
42103,103
46103,103
47103,103
48103,103
51103,103
54103,103
55103,103
72103,103
1105,105
2105,105
5105,105
6105,105
8105,105
12105,105
13105,105
17105,105
18105,105
19105,105
20105,105
21105,105
22105,105
26105,105
27105,105
28105,105
29105,105
30105,105
31105,105
36105,105
37105,105
38105,105
39105,105
40105,105
42105,105
46105,105
47105,105
48105,105
51105,105
54105,105
55105,105
72105,105
1107,107
5107,107
6107,107
8107,107
12107,107
13107,107
17107,107
18107,107
19107,107
20107,107
21107,107
22107,107
26107,107
27107,107
28107,107
29107,107
30107,107
31107,107
36107,107
37107,107
39107,107
40107,107
42107,107
46107,107
47107,107
48107,107
51107,107
54107,107
55107,107
72107,107
1109,109
5109,109
6109,109
8109,109
12109,109
13109,109
17109,109
18109,109
19109,109
20109,109
21109,109
22109,109
26109,109
27109,109
28109,109
29109,109
30109,109
31109,109
36109,109
37109,109
39109,109
40109,109
42109,109
46109,109
47109,109
48109,109
51109,109
54109,109
55109,109
72109,109
2110,110
69110,110
1111,111
5111,111
6111,111
8111,111
12111,111
13111,111
17111,111
18111,111
19111,111
20111,111
21111,111
22111,111
26111,111
27111,111
28111,111
29111,111
30111,111
31111,111
36111,111
37111,111
39111,111
40111,111
42111,111
46111,111
47111,111
48111,111
51111,111
55111,111
72111,111
72111,111
1113,113
5113,113
6113,113
8113,113
12113,113
13113,113
17113,113
18113,113
19113,113
20113,113
21113,113
22113,113
26113,113
27113,113
28113,113
29113,113
31113,113
36113,113
37113,113
39113,113
40113,113
42113,113
46113,113
47113,113
48113,113
51113,113
55113,113
72113,113
1115,115
5115,115
6115,115
8115,115
12115,115
13115,115
17115,115
18115,115
19115,115
20115,115
21115,115
22115,115
26115,115
27115,115
28115,115
29115,115
31115,115
36115,115
37115,115
39115,115
40115,115
42115,115
46115,115
47115,115
48115,115
51115,115
55115,115
72115,115
1117,117
5117,117
8117,117
12117,117
13117,117
17117,117
18117,117
19117,117
20117,117
21117,117
22117,117
26117,117
27117,117
28117,117
29117,117
31117,117
36117,117
37117,117
39117,117
40117,117
42117,117
46117,117
47117,117
48117,117
51117,117
55117,117
72117,117
72117,117
1119,119
5119,119
8119,119
12119,119
13119,119
17119,119
18119,119
19119,119
20119,119
21119,119
22119,119
26119,119
27119,119
28119,119
29119,119
31119,119
36119,119
37119,119
39119,119
40119,119
42119,119
46119,119
47119,119
48119,119
51119,119
55119,119
72119,119
72119,119
69120,120
1121,121
5121,121
8121,121
12121,121
13121,121
17121,121
18121,121
19121,121
20121,121
21121,121
22121,121
26121,121
27121,121
28121,121
29121,121
31121,121
36121,121
37121,121
39121,121
40121,121
42121,121
46121,121
47121,121
48121,121
51121,121
55121,121
72121,121
2122,122
1123,123
5123,123
8123,123
12123,123
13123,123
17123,123
18123,123
19123,123
20123,123
21123,123
22123,123
26123,123
27123,123
28123,123
29123,123
31123,123
36123,123
37123,123
39123,123
40123,123
42123,123
46123,123
47123,123
48123,123
55123,123
72123,123
1125,125
5125,125
8125,125
12125,125
13125,125
17125,125
18125,125
19125,125
20125,125
21125,125
22125,125
26125,125
27125,125
28125,125
29125,125
31125,125
37125,125
39125,125
40125,125
42125,125
46125,125
47125,125
48125,125
51125,125
55125,125
72125,125
72125,125
1127,127
5127,127
12127,127
13127,127
17127,127
18127,127
19127,127
20127,127
21127,127
22127,127
26127,127
27127,127
28127,127
29127,127
31127,127
37127,127
39127,127
40127,127
42127,127
46127,127
47127,127
48127,127
51127,127
55127,127
72127,127
1129,129
5129,129
12129,129
13129,129
17129,129
18129,129
19129,129
20129,129
21129,129
26129,129
27129,129
28129,129
29129,129
31129,129
37129,129
39129,129
40129,129
42129,129
46129,129
47129,129
48129,129
55129,129
72129,129
2130,130
1131,131
5131,131
12131,131
13131,131
17131,131
18131,131
19131,131
20131,131
21131,131
26131,131
27131,131
28131,131
29131,131
31131,131
37131,131
39131,131
40131,131
42131,131
47131,131
48131,131
51131,131
55131,131
72131,131
72131,131
1133,133
5133,133
12133,133
13133,133
17133,133
18133,133
19133,133
20133,133
21133,133
26133,133
27133,133
28133,133
29133,133
31133,133
37133,133
39133,133
40133,133
42133,133
47133,133
48133,133
51133,133
55133,133
72133,133
5135,135
13135,135
17135,135
18135,135
19135,135
20135,135
21135,135
26135,135
27135,135
28135,135
29135,135
31135,135
37135,135
39135,135
40135,135
46135,135
47135,135
48135,135
51135,135
55135,135
72135,135
5137,137
13137,137
17137,137
18137,137
19137,137
20137,137
21137,137
26137,137
27137,137
28137,137
29137,137
31137,137
37137,137
39137,137
40137,137
46137,137
47137,137
48137,137
51137,137
55137,137
72137,137
5139,139
13139,139
17139,139
18139,139
19139,139
20139,139
21139,139
26139,139
27139,139
28139,139
29139,139
31139,139
37139,139
39139,139
40139,139
47139,139
48139,139
51139,139
55139,139
72139,139
5141,141
13141,141
17141,141
18141,141
19141,141
20141,141
21141,141
26141,141
27141,141
28141,141
29141,141
31141,141
37141,141
39141,141
40141,141
47141,141
48141,141
51141,141
55141,141
72141,141
5143,143
13143,143
17143,143
18143,143
19143,143
20143,143
21143,143
26143,143
27143,143
28143,143
29143,143
31143,143
37143,143
39143,143
40143,143
47143,143
48143,143
51143,143
72143,143
5145,145
13145,145
17145,145
18145,145
19145,145
20145,145
21145,145
26145,145
27145,145
28145,145
29145,145
31145,145
37145,145
39145,145
40145,145
47145,145
48145,145
51145,145
72145,145
5147,147
13147,147
17147,147
18147,147
19147,147
20147,147
21147,147
26147,147
27147,147
28147,147
29147,147
31147,147
37147,147
39147,147
40147,147
47147,147
48147,147
51147,147
72147,147
5149,149
13149,149
17149,149
18149,149
19149,149
20149,149
21149,149
26149,149
27149,149
28149,149
29149,149
31149,149
37149,149
39149,149
40149,149
47149,149
48149,149
51149,149
72149,149
2150,150
13151,151
17151,151
18151,151
19151,151
20151,151
21151,151
26151,151
27151,151
28151,151
29151,151
31151,151
37151,151
39151,151
40151,151
47151,151
48151,151
72151,151
13153,153
17153,153
18153,153
19153,153
20153,153
21153,153
26153,153
27153,153
28153,153
29153,153
31153,153
37153,153
39153,153
40153,153
47153,153
48153,153
51153,153
72153,153
13155,155
17155,155
18155,155
19155,155
20155,155
21155,155
26155,155
27155,155
28155,155
29155,155
31155,155
37155,155
39155,155
47155,155
48155,155
51155,155
13157,157
17157,157
18157,157
19157,157
20157,157
21157,157
26157,157
27157,157
28157,157
29157,157
31157,157
37157,157
39157,157
47157,157
48157,157
51157,157
13159,159
17159,159
18159,159
19159,159
20159,159
21159,159
26159,159
27159,159
28159,159
29159,159
31159,159
37159,159
39159,159
47159,159
48159,159
51159,159
13161,161
17161,161
18161,161
19161,161
20161,161
21161,161
26161,161
27161,161
28161,161
29161,161
31161,161
37161,161
39161,161
47161,161
48161,161
51161,161
13163,163
17163,163
18163,163
19163,163
20163,163
21163,163
26163,163
27163,163
28163,163
29163,163
31163,163
37163,163
39163,163
47163,163
48163,163
51163,163
2164,164
13165,165
17165,165
18165,165
19165,165
20165,165
21165,165
26165,165
27165,165
29165,165
31165,165
37165,165
39165,165
47165,165
48165,165
51165,165
13167,167
17167,167
18167,167
19167,167
20167,167
21167,167
27167,167
29167,167
31167,167
37167,167
39167,167
47167,167
48167,167
51167,167
13169,169
17169,169
18169,169
19169,169
20169,169
21169,169
27169,169
29169,169
31169,169
37169,169
39169,169
47169,169
48169,169
51169,169
2170,170
13171,171
17171,171
18171,171
19171,171
20171,171
21171,171
27171,171
29171,171
31171,171
37171,171
39171,171
47171,171
48171,171
51171,171
13173,173
17173,173
18173,173
19173,173
20173,173
21173,173
27173,173
29173,173
31173,173
37173,173
39173,173
47173,173
48173,173
51173,173
13175,175
17175,175
18175,175
19175,175
20175,175
21175,175
29175,175
31175,175
37175,175
39175,175
47175,175
48175,175
51175,175
13177,177
17177,177
18177,177
19177,177
20177,177
21177,177
29177,177
31177,177
37177,177
47177,177
48177,177
51177,177
13179,179
17179,179
18179,179
19179,179
20179,179
21179,179
29179,179
31179,179
37179,179
47179,179
48179,179
51179,179
2180,180
13181,181
17181,181
18181,181
19181,181
20181,181
21181,181
29181,181
31181,181
37181,181
47181,181
48181,181
51181,181
13183,183
17183,183
18183,183
19183,183
20183,183
21183,183
29183,183
31183,183
37183,183
47183,183
48183,183
51183,183
2185,185
13185,185
17185,185
19185,185
20185,185
21185,185
29185,185
31185,185
37185,185
47185,185
48185,185
51185,185
29186,186
13187,187
17187,187
19187,187
20187,187
21187,187
29187,187
37187,187
47187,187
48187,187
51187,187
2188,188
13189,189
17189,189
19189,189
20189,189
21189,189
29189,189
37189,189
47189,189
48189,189
13191,191
17191,191
19191,191
20191,191
21191,191
37191,191
48191,191
51191,191
13193,193
17193,193
19193,193
20193,193
21193,193
37193,193
48193,193
51193,193
2195,195
13195,195
17195,195
19195,195
20195,195
21195,195
29195,195
37195,195
48195,195
51195,195
13197,197
17197,197
19197,197
20197,197
21197,197
29197,197
37197,197
48197,197
51197,197
2198,198
13199,199
17199,199
20199,199
21199,199
29199,199
37199,199
48199,199
51199,199
13201,201
17201,201
20201,201
21201,201
29201,201
48201,201
17203,203
20203,203
21203,203
29203,203
48203,203
13205,205
20205,205
21205,205
29205,205
48205,205
13207,207
20207,207
21207,207
29207,207
48207,207
13209,209
20209,209
21209,209
29209,209
48209,209
13211,211
21211,211
29211,211
48211,211
13213,213
21213,213
29213,213
48213,213
13215,215
21215,215
29215,215
48215,215
13217,217
21217,217
29217,217
48217,217
13219,219
21219,219
29219,219
48219,219
2220,220
13221,221
21221,221
29221,221
48221,221
13223,223
21223,223
29223,223
48223,223
13225,225
21225,225
29225,225
48225,225
13227,227
21227,227
29227,227
48227,227
13229,229
21229,229
29229,229
48229,229
13231,231
21231,231
48231,231
13233,233
21233,233
48233,233
13235,235
21235,235
48235,235
13237,237
21237,237
48237,237
13239,239
21239,239
48239,239
2240,240
13241,241
48241,241
13243,243
48243,243
13245,245
48245,245
13247,247
48247,247
13249,249
48249,249
13251,251
48251,251
13253,253
48253,253
13255,255
48255,255
13257,257
48257,257
13259,259
48259,259
2261,261
13261,261
48261,261
13263,263
48263,263
13265,265
48265,265
13267,267
48267,267
13269,269
48269,269
2270,270
13271,271
48271,271
13273,273
48273,273
2275,275
13275,275
48275,275
13277,277
48277,277
13279,279
48279,279
13281,281
48281,281
2282,282
13283,283
48283,283
13285,285
48285,285
13287,287
48287,287
13289,289
48289,289
2290,290
13291,291
48291,291
13293,293
48293,293
13295,295
48295,295
13297,297
48297,297
13299,299
48299,299
13301,301
48301,301
13303,303
48303,303
13305,305
48305,305
13307,307
48307,307
13309,309
48309,309
13311,311
48311,311
13313,313
48313,313
13315,315
48315,315
13317,317
48317,317
13319,319
48319,319
13321,321
48321,321
48323,323
48325,325
48327,327
48329,329
48331,331
48333,333
48335,335
48337,337
48339,339
48341,341
48343,343
48345,345
48347,347
48349,349
48351,351
48353,353
48355,355
48357,357
48359,359
48361,361
48363,363
48365,365
48367,367
48369,369
48371,371
48373,373
48375,375
48377,377
48379,379
48381,381
48383,383
48385,385
48387,387
48389,389
48391,391
48393,393
48395,395
48397,397
48399,399
48401,401
48403,403
48405,405
48407,407
48409,409
48411,411
48413,413
48415,415
48417,417
48419,419
48421,421
48423,423
48425,425
48427,427
48429,429
48431,431
48433,433
48435,435
48437,437
48439,439
48441,441
48443,443
48445,445
48447,447
48449,449
48451,451
48453,453
48455,455
48457,457
48459,459
48461,461
48463,463
48465,465
48467,467
48469,469
48471,471
48473,473
48475,475
48477,477
48479,479
48481,481
48483,483
48485,485
48487,487
48489,489
48491,491
48493,493
48495,495
48497,497
48499,499
48501,501
48503,503
48505,505
48507,507
24510,510
29510,510
32510,510
51510,510
51515,515
51520,520
51530,530
51540,540
51550,550
51570,570
51580,580
51590,590
51595,595
51600,600
51610,610
51620,620
51630,630
51640,640
51650,650
51660,660
51670,670
51678,678
51680,680
51683,683
51685,685
51690,690
51700,700
51710,710
51720,720
51730,730
51735,735
51740,740
51750,750
51760,760
51770,770
51775,775
51790,790
51800,800
51810,810
51820,820
51830,830
51840,840
